{
  "自适应抓取": {
    "name": "自适应抓取",
    "arm_position": [
      0,
      0,
      0,
      0,
      0,
      0
    ],
    "hand_angles": [
      500,
      500,
      500,
      500,
      500,
      500
    ],
    "arm_velocity": 20,
    "hand_velocity": 1000,
    "creation_time": 1748800909.4465115,
    "last_modified": 1748800909.4465115
  },
  "准备放苹果": {
    "name": "准备放苹果",
    "arm_position": [
      430.2,
      -200.8,
      250.2,
      162.9,
      -46.8,
      8.0
    ],
    "hand_angles": [
      999,
      1000,
      1000,
      819,
      874,
      78
    ],
    "arm_velocity": 50,
    "hand_velocity": 100,
    "creation_time": 1756132404.9258752,
    "last_modified": 1758969139.1604238
  },
  "放苹果": {
    "name": "放苹果",
    "arm_position": [
      430.2,
      -200.8,
      200.2,
      162.9,
      -46.8,
      8.0
    ],
    "hand_angles": [
      999,
      1000,
      1000,
      1000,
      1000,
      78
    ],
    "arm_velocity": 50,
    "hand_velocity": 100,
    "creation_time": 1756132504.0070071,
    "last_modified": 1756133201.2123978
  },
  "准备抓香蕉": {
    "name": "准备抓香蕉",
    "arm_position": [
      420.2,
      130.8,
      250.2,
      162.9,
      -46.8,
      8.0
    ],
    "hand_angles": [
      999,
      1000,
      1000,
      998,
      994,
      63
    ],
    "arm_velocity": 50,
    "hand_velocity": 100,
    "creation_time": 1756132623.822652,
    "last_modified": 1756133210.059245
  },
  "准备抓香蕉2": {
    "name": "准备抓香蕉2",
    "arm_position": [
      420.2,
      130.8,
      173.2,
      162.9,
      -46.8,
      8.0
    ],
    "hand_angles": [
      999,
      1000,
      1000,
      999,
      995,
      48
    ],
    "arm_velocity": 50,
    "hand_velocity": 100,
    "creation_time": 1756132663.1665668,
    "last_modified": 1756133763.1783504
  },
  "抓住香蕉": {
    "name": "抓住香蕉",
    "arm_position": [
      420.2,
      130.8,
      173.2,
      162.9,
      -46.8,
      8.0
    ],
    "hand_angles": [
      1000,
      1000,
      1000,
      657,
      663,
      35
    ],
    "arm_velocity": 50,
    "hand_velocity": 100,
    "creation_time": 1756132719.6013641,
    "last_modified": 1756133652.3298116
  },
  "抓住香蕉后抬起": {
    "name": "抓住香蕉后抬起",
    "arm_position": [
      420.2,
      130.8,
      250.2,
      162.9,
      -46.8,
      8.0
    ],
    "hand_angles": [
      999,
      1000,
      1000,
      657,
      663,
      63
    ],
    "arm_velocity": 50,
    "hand_velocity": 100,
    "creation_time": 1756132743.4441333,
    "last_modified": 1756133670.2588842
  },
  "准备放香蕉": {
    "name": "准备放香蕉",
    "arm_position": [
      430.2,
      -50.8,
      250.2,
      162.9,
      -46.8,
      8.0
    ],
    "hand_angles": [
      999,
      1000,
      1000,
      657,
      663,
      63
    ],
    "arm_velocity": 50,
    "hand_velocity": 100,
    "creation_time": 1756132779.038403,
    "last_modified": 1756133681.060725
  },
  "准备放香蕉2": {
    "name": "准备放香蕉2",
    "arm_position": [
      430.2,
      -50.8,
      200.2,
      162.9,
      -46.8,
      8.0
    ],
    "hand_angles": [
      999,
      1000,
      1000,
      657,
      663,
      63
    ],
    "arm_velocity": 50,
    "hand_velocity": 100,
    "creation_time": 1756132804.9759557,
    "last_modified": 1756133693.0437734
  },
  "放香蕉": {
    "name": "放香蕉",
    "arm_position": [
      430.2,
      -50.8,
      190.2,
      162.9,
      -46.8,
      8.0
    ],
    "hand_angles": [
      999,
      1000,
      1000,
      1000,
      1000,
      63
    ],
    "arm_velocity": 50,
    "hand_velocity": 100,
    "creation_time": 1756132822.6867228,
    "last_modified": 1756133782.5027208
  },
  "准备抓水果": {
    "name": "准备抓水果",
    "arm_position": [
      430.2,
      -50.8,
      255.2,
      162.9,
      -46.8,
      8.0
    ],
    "hand_angles": [
      999,
      1000,
      1000,
      998,
      994,
      67
    ],
    "arm_velocity": 50,
    "hand_velocity": 200,
    "creation_time": 1756133015.6768537,
    "last_modified": 1756133038.5776076
  },
  "抓住苹果后抬起": {
    "name": "抓住苹果后抬起",
    "arm_position": [
      430.2,
      -50.8,
      255.2,
      162.9,
      -46.8,
      8.0
    ],
    "hand_angles": [
      999,
      1000,
      1000,
      852,
      876,
      69
    ],
    "arm_velocity": 50,
    "hand_velocity": 100,
    "creation_time": 1756133112.3361478,
    "last_modified": 1756133181.7829742
  },
  "自适应抓取测试": {
    "name": "自适应抓取测试",
    "arm_position": [
      298.9,
      -87.6,
      303.4,
      180.0,
      -55.0,
      -5.9
    ],
    "hand_angles": [
      14,
      10,
      14,
      698,
      913,
      30
    ],
    "arm_velocity": 20,
    "hand_velocity": 1000,
    "creation_time": 1763809508.4997063,
    "last_modified": 1763809508.499707
  },
  "薯片准备": {
    "name": "薯片准备",
    "arm_position": [
      298.9,
      -87.6,
      303.4,
      180.0,
      -55.0,
      -5.9
    ],
    "hand_angles": [
      15,
      13,
      18,
      742,
      909,
      0
    ],
    "arm_velocity": 20,
    "hand_velocity": 1000,
    "creation_time": 1763913614.7958984,
    "last_modified": 1763913614.7958987
  },
  "抓取微动作": {
    "name": "抓取微动作",
    "arm_position": [
      327.0,
      -101.8,
      739.3,
      30.1,
      -58.3,
      75.7
    ],
    "hand_angles": [
      0,
      0,
      0,
      0,
      0,
      0
    ],
    "arm_velocity": 20,
    "hand_velocity": 1000,
    "creation_time": 1763951839.0326066,
    "last_modified": 1763951839.0326076
  },
  "张开": {
    "name": "张开",
    "arm_position": [
      327.0,
      -101.8,
      739.3,
      36.0,
      -28.7,
      109.0
    ],
    "hand_angles": [
      1000,
      1000,
      1000,
      1000,
      1000,
      200
    ],
    "arm_velocity": 20,
    "hand_velocity": 1000,
    "creation_time": 1763952031.841356,
    "last_modified": 1763952031.8413565
  },
  "2025年11月24日1": {
    "name": "2025年11月24日1",
    "arm_position": [
      327.0,
      -101.8,
      739.3,
      36.0,
      -28.7,
      109.0
    ],
    "hand_angles": [
      195,
      180,
      206,
      825,
      191,
      200
    ],
    "arm_velocity": 20,
    "hand_velocity": 1000,
    "creation_time": 1763952304.969627,
    "last_modified": 1763952304.9696271
  },
  "2025年11月24日2": {
    "name": "2025年11月24日2",
    "arm_position": [
      327.0,
      -101.8,
      739.3,
      36.0,
      -28.7,
      109.0
    ],
    "hand_angles": [
      470,
      458,
      470,
      825,
      495,
      200
    ],
    "arm_velocity": 20,
    "hand_velocity": 1000,
    "creation_time": 1763952326.1184876,
    "last_modified": 1763952326.1184883
  },
  "2025年11月24日3": {
    "name": "2025年11月24日3",
    "arm_position": [
      327.0,
      -101.8,
      739.3,
      36.0,
      -28.7,
      109.0
    ],
    "hand_angles": [
      659,
      644,
      668,
      825,
      663,
      200
    ],
    "arm_velocity": 20,
    "hand_velocity": 1000,
    "creation_time": 1763952359.7846398,
    "last_modified": 1763952359.7846406
  },
  "2025年11月24日4": {
    "name": "2025年11月24日4",
    "arm_position": [
      327.0,
      -101.8,
      739.3,
      36.0,
      -28.7,
      109.0
    ],
    "hand_angles": [
      776,
      784,
      791,
      825,
      791,
      200
    ],
    "arm_velocity": 20,
    "hand_velocity": 1000,
    "creation_time": 1763952378.0675104,
    "last_modified": 1763952378.0675108
  },
  "2025年11月24日7": {
    "name": "2025年11月24日7",
    "arm_position": [
      327.0,
      -101.8,
      739.3,
      36.0,
      -28.7,
      109.0
    ],
    "hand_angles": [
      135,
      115,
      133,
      667,
      140,
      200
    ],
    "arm_velocity": 20,
    "hand_velocity": 1000,
    "creation_time": 1763953146.0449443,
    "last_modified": 1763953146.044945
  },
  "2025年11月24日8": {
    "name": "2025年11月24日8",
    "arm_position": [
      327.0,
      -101.8,
      739.3,
      36.0,
      -28.7,
      109.0
    ],